title,description,board,media_url
100 Creative Cat Names,"Unique and creative pet name ideas for every animal. Free, instant, no registration. #petnames",Cat Names 🐱,https://bestanimalnames.com/pins/100-creative-cat-names.png
100 Happy Hamster Names,Looking for the best pet names? Browse our curated collection — all free! #petnames,Hamster Names 🐹,https://bestanimalnames.com/pins/100-happy-hamster-names.png
120 Elegant Dog Names,"Find the perfect name for your pet. 100% free, no sign-up required. #petnames",Dog Names 🐕,https://bestanimalnames.com/pins/120-elegant-dog-names.png
150 Adorable Horse Names,"Unique and creative pet name ideas for every animal. Free, instant, no registration. #petnames",Horse Names 🐴,https://bestanimalnames.com/pins/150-adorable-horse-names.png
150 Exotic Bird Names,"Unique and creative pet name ideas for every animal. Free, instant, no registration. #petnames",Bird Names 🦜,https://bestanimalnames.com/pins/150-exotic-bird-names.png
150 Exotic Hamster Names,"Find the perfect name for your pet. 100% free, no sign-up required. #petnames",Hamster Names 🐹,https://bestanimalnames.com/pins/150-exotic-hamster-names.png
150 Sweet Hamster Names,"The ultimate pet name collection. 989+ animals, 160+ names each. 100% free! #petnames",Hamster Names 🐹,https://bestanimalnames.com/pins/150-sweet-hamster-names.png
150 Wild Bird Names,Discover hundreds of handpicked pet names. Free name generator with 989+ animals. #petnames,Bird Names 🦜,https://bestanimalnames.com/pins/150-wild-bird-names.png
175 Classic Hamster Names,"The ultimate pet name collection. 989+ animals, 160+ names each. 100% free! #petnames",Hamster Names 🐹,https://bestanimalnames.com/pins/175-classic-hamster-names.png
175 Trendy Hamster Names,Looking for the best pet names? Browse our curated collection — all free! #petnames,Hamster Names 🐹,https://bestanimalnames.com/pins/175-trendy-hamster-names.png
200 Brave Cat Names,Looking for the best pet names? Browse our curated collection — all free! #petnames,Cat Names 🐱,https://bestanimalnames.com/pins/200-brave-cat-names.png
200 Funny Horse Names,"The ultimate pet name collection. 989+ animals, 160+ names each. 100% free! #petnames",Horse Names 🐴,https://bestanimalnames.com/pins/200-funny-horse-names.png
200 Magical Dog Names,"Unique and creative pet name ideas for every animal. Free, instant, no registration. #petnames",Dog Names 🐕,https://bestanimalnames.com/pins/200-magical-dog-names.png
200 Royal Rabbit Names,"The ultimate pet name collection. 989+ animals, 160+ names each. 100% free! #petnames",Rabbit Names 🐰,https://bestanimalnames.com/pins/200-royal-rabbit-names.png
200 Tiny Horse Names,"The ultimate pet name collection. 989+ animals, 160+ names each. 100% free! #petnames",Horse Names 🐴,https://bestanimalnames.com/pins/200-tiny-horse-names.png
250 Creative Dog Names,"Unique and creative pet name ideas for every animal. Free, instant, no registration. #petnames",Dog Names 🐕,https://bestanimalnames.com/pins/250-creative-dog-names.png
250 Happy Dog Names,"Unique and creative pet name ideas for every animal. Free, instant, no registration. #petnames",Dog Names 🐕,https://bestanimalnames.com/pins/250-happy-dog-names.png
250 Playful Cat Names,Discover hundreds of handpicked pet names. Free name generator with 989+ animals. #petnames,Cat Names 🐱,https://bestanimalnames.com/pins/250-playful-cat-names.png
250 Popular Rabbit Names,Looking for the best pet names? Browse our curated collection — all free! #petnames,Rabbit Names 🐰,https://bestanimalnames.com/pins/250-popular-rabbit-names.png
300 Exotic Cat Names,"The ultimate pet name collection. 989+ animals, 160+ names each. 100% free! #petnames",Cat Names 🐱,https://bestanimalnames.com/pins/300-exotic-cat-names.png
300 Funny Rabbit Names,Looking for the best pet names? Browse our curated collection — all free! #petnames,Rabbit Names 🐰,https://bestanimalnames.com/pins/300-funny-rabbit-names.png
300 Majestic Bird Names,"Find the perfect name for your pet. 100% free, no sign-up required. #petnames",Bird Names 🦜,https://bestanimalnames.com/pins/300-majestic-bird-names.png
300 Trendy Bird Names,"The ultimate pet name collection. 989+ animals, 160+ names each. 100% free! #petnames",Bird Names 🦜,https://bestanimalnames.com/pins/300-trendy-bird-names.png
300 Wild Dog Names,"Find the perfect name for your pet. 100% free, no sign-up required. #petnames",Dog Names 🐕,https://bestanimalnames.com/pins/300-wild-dog-names.png
50 Exotic Cat Names,Looking for the best pet names? Browse our curated collection — all free! #petnames,Cat Names 🐱,https://bestanimalnames.com/pins/50-exotic-cat-names.png
50 Happy Rabbit Names,"The ultimate pet name collection. 989+ animals, 160+ names each. 100% free! #petnames",Rabbit Names 🐰,https://bestanimalnames.com/pins/50-happy-rabbit-names.png
50 Sweet Bird Names,Looking for the best pet names? Browse our curated collection — all free! #petnames,Bird Names 🦜,https://bestanimalnames.com/pins/50-sweet-bird-names.png
75 Cute Horse Names,"The ultimate pet name collection. 989+ animals, 160+ names each. 100% free! #petnames",Horse Names 🐴,https://bestanimalnames.com/pins/75-cute-horse-names.png
75 Royal Horse Names,"Unique and creative pet name ideas for every animal. Free, instant, no registration. #petnames",Horse Names 🐴,https://bestanimalnames.com/pins/75-royal-horse-names.png
75 Wild Rabbit Names,Looking for the best pet names? Browse our curated collection — all free! #petnames,Rabbit Names 🐰,https://bestanimalnames.com/pins/75-wild-rabbit-names.png
