animal,title,subtitle
Dog,250 Creative Dog Names,Top Picks For New Owners
Dog,200 Magical Dog Names,Curated For Maximum Cuteness
Dog,300 Wild Dog Names,Unique & Creative Ideas
Dog,250 Happy Dog Names,The Ultimate Name List
Dog,120 Elegant Dog Names,Inspiration For Every Pet
Cat,100 Creative Cat Names,Handpicked Just For You
Cat,200 Brave Cat Names,Unique & Creative Ideas
Cat,50 Exotic Cat Names,Perfect For Your New Friend
Cat,250 Playful Cat Names,Veterinarian Approved Picks
Cat,300 Exotic Cat Names,Handpicked Just For You
Rabbit,75 Wild Rabbit Names,Trending Name Ideas 2025
Rabbit,300 Funny Rabbit Names,Inspiration For Every Pet
Rabbit,250 Popular Rabbit Names,Inspiration For Every Pet
Rabbit,50 Happy Rabbit Names,Funny Names For Every Pet
Rabbit,200 Royal Rabbit Names,Veterinarian Approved Picks
Horse,200 Tiny Horse Names,Handpicked Just For You
Horse,75 Royal Horse Names,Funny Names For Every Pet
Horse,150 Adorable Horse Names,Cute & Adorable Ideas
Horse,75 Cute Horse Names,Names That Make You Smile
Horse,200 Funny Horse Names,Trending Name Ideas 2025
Bird,150 Exotic Bird Names,Perfect For Your New Friend
Bird,300 Trendy Bird Names,Unique & Creative Ideas
Bird,300 Majestic Bird Names,Trending Name Ideas 2025
Bird,50 Sweet Bird Names,Funny Names For Every Pet
Bird,150 Wild Bird Names,Trending Name Ideas 2025
Hamster,175 Trendy Hamster Names,Top Picks For New Owners
Hamster,150 Sweet Hamster Names,Names Your Pet Will Love
Hamster,175 Classic Hamster Names,Veterinarian Approved Picks
Hamster,150 Exotic Hamster Names,Curated For Maximum Cuteness
Hamster,100 Happy Hamster Names,Names That Make You Smile
