title,description,board,image_path
100 Creative Cat Names,"Find the perfect name for your pet. 100% free, no sign-up required. #petnames #animalnames",Cat Names 🐱,assets/pinterest/inbox/2026-6-6/100-creative-cat-names.png
100 Happy Hamster Names,"Unique and creative pet name ideas for every animal. Free, instant, no registration. #petnames",Hamster Names 🐹,assets/pinterest/inbox/2026-6-6/100-happy-hamster-names.png
120 Elegant Dog Names,"The ultimate pet name collection. 989+ animals, 160+ names each. 100% free! #animalnames",Dog Names 🐕,assets/pinterest/inbox/2026-6-6/120-elegant-dog-names.png
150 Adorable Horse Names,"Unique and creative pet name ideas for every animal. Free, instant, no registration. #petnames",Horse Names 🐴,assets/pinterest/inbox/2026-6-6/150-adorable-horse-names.png
150 Exotic Bird Names,"The ultimate pet name collection. 989+ animals, 160+ names each. 100% free! #animalnames",Bird Names 🦜,assets/pinterest/inbox/2026-6-6/150-exotic-bird-names.png
150 Exotic Hamster Names,"Unique and creative pet name ideas for every animal. Free, instant, no registration. #petnames",Hamster Names 🐹,assets/pinterest/inbox/2026-6-6/150-exotic-hamster-names.png
150 Sweet Hamster Names,Looking for the best pet names? Browse our curated collection — all free! #petnames #namegenerator,Hamster Names 🐹,assets/pinterest/inbox/2026-6-6/150-sweet-hamster-names.png
150 Wild Bird Names,Discover hundreds of handpicked pet names. Free name generator with 989+ animals. #petnameideas,Bird Names 🦜,assets/pinterest/inbox/2026-6-6/150-wild-bird-names.png
175 Classic Hamster Names,Looking for the best pet names? Browse our curated collection — all free! #petnames #namegenerator,Hamster Names 🐹,assets/pinterest/inbox/2026-6-6/175-classic-hamster-names.png
175 Trendy Hamster Names,Looking for the best pet names? Browse our curated collection — all free! #petnames #namegenerator,Hamster Names 🐹,assets/pinterest/inbox/2026-6-6/175-trendy-hamster-names.png
200 Brave Cat Names,"Find the perfect name for your pet. 100% free, no sign-up required. #petnames #animalnames",Cat Names 🐱,assets/pinterest/inbox/2026-6-6/200-brave-cat-names.png
200 Funny Horse Names,"The ultimate pet name collection. 989+ animals, 160+ names each. 100% free! #animalnames",Horse Names 🐴,assets/pinterest/inbox/2026-6-6/200-funny-horse-names.png
200 Magical Dog Names,"Find the perfect name for your pet. 100% free, no sign-up required. #petnames #animalnames",Dog Names 🐕,assets/pinterest/inbox/2026-6-6/200-magical-dog-names.png
200 Royal Rabbit Names,"The ultimate pet name collection. 989+ animals, 160+ names each. 100% free! #animalnames",Rabbit Names 🐰,assets/pinterest/inbox/2026-6-6/200-royal-rabbit-names.png
200 Tiny Horse Names,"The ultimate pet name collection. 989+ animals, 160+ names each. 100% free! #animalnames",Horse Names 🐴,assets/pinterest/inbox/2026-6-6/200-tiny-horse-names.png
250 Creative Dog Names,Discover hundreds of handpicked pet names. Free name generator with 989+ animals. #petnameideas,Dog Names 🐕,assets/pinterest/inbox/2026-6-6/250-creative-dog-names.png
250 Happy Dog Names,Discover hundreds of handpicked pet names. Free name generator with 989+ animals. #petnameideas,Dog Names 🐕,assets/pinterest/inbox/2026-6-6/250-happy-dog-names.png
250 Playful Cat Names,"Unique and creative pet name ideas for every animal. Free, instant, no registration. #petnames",Cat Names 🐱,assets/pinterest/inbox/2026-6-6/250-playful-cat-names.png
250 Popular Rabbit Names,"Find the perfect name for your pet. 100% free, no sign-up required. #petnames #animalnames",Rabbit Names 🐰,assets/pinterest/inbox/2026-6-6/250-popular-rabbit-names.png
300 Exotic Cat Names,Discover hundreds of handpicked pet names. Free name generator with 989+ animals. #petnameideas,Cat Names 🐱,assets/pinterest/inbox/2026-6-6/300-exotic-cat-names.png
300 Funny Rabbit Names,Discover hundreds of handpicked pet names. Free name generator with 989+ animals. #petnameideas,Rabbit Names 🐰,assets/pinterest/inbox/2026-6-6/300-funny-rabbit-names.png
300 Majestic Bird Names,"Find the perfect name for your pet. 100% free, no sign-up required. #petnames #animalnames",Bird Names 🦜,assets/pinterest/inbox/2026-6-6/300-majestic-bird-names.png
300 Trendy Bird Names,Discover hundreds of handpicked pet names. Free name generator with 989+ animals. #petnameideas,Bird Names 🦜,assets/pinterest/inbox/2026-6-6/300-trendy-bird-names.png
300 Wild Dog Names,Looking for the best pet names? Browse our curated collection — all free! #petnames #namegenerator,Dog Names 🐕,assets/pinterest/inbox/2026-6-6/300-wild-dog-names.png
50 Exotic Cat Names,"The ultimate pet name collection. 989+ animals, 160+ names each. 100% free! #animalnames",Cat Names 🐱,assets/pinterest/inbox/2026-6-6/50-exotic-cat-names.png
50 Happy Rabbit Names,Looking for the best pet names? Browse our curated collection — all free! #petnames #namegenerator,Rabbit Names 🐰,assets/pinterest/inbox/2026-6-6/50-happy-rabbit-names.png
50 Sweet Bird Names,"The ultimate pet name collection. 989+ animals, 160+ names each. 100% free! #animalnames",Bird Names 🦜,assets/pinterest/inbox/2026-6-6/50-sweet-bird-names.png
75 Cute Horse Names,Discover hundreds of handpicked pet names. Free name generator with 989+ animals. #petnameideas,Horse Names 🐴,assets/pinterest/inbox/2026-6-6/75-cute-horse-names.png
75 Royal Horse Names,Looking for the best pet names? Browse our curated collection — all free! #petnames #namegenerator,Horse Names 🐴,assets/pinterest/inbox/2026-6-6/75-royal-horse-names.png
75 Wild Rabbit Names,"The ultimate pet name collection. 989+ animals, 160+ names each. 100% free! #animalnames",Rabbit Names 🐰,assets/pinterest/inbox/2026-6-6/75-wild-rabbit-names.png
